,ФИО,Место рождения,Возраст,День недели,Видеозапись
0,Комаров Никифор Германович,клх Муравленко,24,Суббота,Матрица
1,Станимир Артёмович Антонов,к. Пятигорск,20,Среда,Семинар по ML
2,Синклитикия Юльевна Мясникова,г. Шамары,25,Суббота,Видосы про собачек
3,Добромысл Бориславович Мухин,г. Шамары,26,Четверг,Бегущий по лезвию
4,Клавдия Романовна Ефимова,д. Домбай,18,Понедельник,Лекция по ML
5,Рыбакова Нина Максимовна,к. Нарткала,27,Среда,Семинар по ML
6,Григорьева Евгения Васильевна,клх Екатеринбург,22,Вторник,Видосы про кошечек
7,Кудрявцев Валентин Димитриевич,к. Усмань,26,Четверг,Доктор Кто
8,Кошелева Ульяна Васильевна,г. Ставрополь,25,Понедельник,Лекция по C++
9,Журавлева Вероника Тимофеевна,д. Магас,22,Суббота,Аватар
10,Рябова Наталья Артемовна,с. Москва,19,Четверг,Семинар по ML
11,Аркадий Адамович Некрасов,с. Астрахань,18,Суббота,Аватар
12,Татьяна Аскольдовна Сазонова,с. Нефедова,25,Пятница,Друзья
13,Рюрик Власович Игнатов,клх Усть-Баргузин,18,Суббота,Аватар
14,Лора Ефимовна Артемьева,д. Дубна,26,Вторник,Игра престолов
15,Степанова Тамара Андреевна,ст. Магадан,19,Среда,Оппенгеймер
16,Третьякова Пелагея Харитоновна,с. Поронайск,18,Среда,Видосы про собачек
17,Филатов Глеб Филатович,г. Волгоград,26,Понедельник,Лекция по C++
18,Федосеев Исидор Жанович,п. Серафимович,22,Пятница,Видосы про кошечек
19,Марфа Артемовна Лебедева,п. Агинское (Забайк.),21,Суббота,Видосы про собачек
20,Элеонора Святославовна Кулакова,п. Армавир,19,Воскресенье,Матрица
21,Людмила Натановна Дьячкова,ст. Губаха,23,Вторник,Игра престолов
22,Мефодий Валерьевич Архипов,п. Радужный,22,Вторник,Видосы про кошечек
23,Шилов Светозар Харламович,с. Буйнакск,27,Суббота,Видосы про собачек
24,Сорокин Геннадий Ермолаевич,п. Кизилюрт,22,Вторник,Друзья
25,Татьяна Аскольдовна Сазонова,с. Нефедова,25,Воскресенье,Аватар
26,Ирина Архиповна Волкова,д. Кировск (Мурм.),27,Среда,Оппенгеймер
27,Татьяна Аскольдовна Сазонова,с. Нефедова,25,Вторник,LOST
28,Шилов Светозар Харламович,с. Буйнакск,27,Четверг,Доктор Кто
29,Наина Аскольдовна Осипова,с. Красноуральск,24,Вторник,Видосы про кошечек
30,Рыбакова Нина Максимовна,к. Нарткала,27,Понедельник,Лекция по Java
31,Антонина Вениаминовна Красильникова,ст. Орел,21,Пятница,Видосы про кошечек
32,Виктория Антоновна Одинцова,к. Тюмень,19,Пятница,Видосы про кошечек
33,Агафья Богдановна Молчанова,г. Невинномысск,27,Суббота,Видосы про собачек
34,Татьяна Аскольдовна Сазонова,с. Нефедова,25,Понедельник,Лекция по C++
35,Соловьева Ульяна Тарасовна,п. Губаха,26,Пятница,Семинар по Python
36,Муравьева Татьяна Николаевна,д. Мезень,19,Вторник,Друзья
37,г-жа Дьячкова Василиса Андреевна,г. Нижний Тагил,22,Воскресенье,Бегущий по лезвию
38,Антонина Вениаминовна Красильникова,ст. Орел,21,Понедельник,Лекция по C++
39,Данила Игнатьевич Котов,ст. Подольск,27,Суббота,Семинар по мат. анализу
40,Филатов Тимур Тимурович,ст. Старая Русса,23,Воскресенье,Матрица
41,Бурова Екатерина Сергеевна,п. Серпухов,22,Воскресенье,Аватар
42,Марк Геннадиевич Николаев,к. Бологое,24,Понедельник,Лекция по мат. анализу
43,Кабанов Прохор Матвеевич,п. Вилюйск,25,Среда,Семинар по ML
44,Матвеев Всемил Демидович,ст. Павловский Посад,27,Понедельник,Лекция по C++
45,г-жа Дьячкова Василиса Андреевна,г. Нижний Тагил,22,Четверг,Семинар по ML
46,Панкратий Жанович Смирнов,г. Новороссийск,19,Среда,Видосы про собачек
47,Мартын Исидорович Терентьев,г. Тында,27,Среда,Оппенгеймер
48,г-жа Дьячкова Василиса Андреевна,г. Нижний Тагил,22,Вторник,Видосы про кошечек
49,Трофим Васильевич Анисимов,д. Королев,20,Пятница,Видосы про кошечек
50,Степанова Тамара Андреевна,ст. Магадан,19,Воскресенье,Интерстеллар
51,Константинова Анна Афанасьевна,клх Новокузнецк,19,Среда,Семинар по ML
52,Матвеев Всемил Демидович,ст. Павловский Посад,27,Среда,Бегущий по лезвию
53,Герман Владленович Исаев,д. Ребриха,19,Понедельник,Лекция по мат. анализу
54,Муравьева Татьяна Николаевна,д. Мезень,19,Понедельник,Лекция по Python
55,Рюрик Власович Игнатов,клх Усть-Баргузин,18,Пятница,Семинар по Python
56,Богдан Игнатьевич Гришин,д. Калач-на-Дону,21,Четверг,Видосы про собачек
57,Эдуард Теймуразович Филиппов,ст. Сковородино,27,Среда,Бегущий по лезвию
58,Пелагея Ниловна Русакова,клх Баксан,24,Вторник,Игра престолов
59,Агата Юрьевна Горшкова,"ст. Москва, МГУ",21,Среда,Друзья
60,Матвеев Всемил Демидович,ст. Павловский Посад,27,Вторник,Игра престолов
61,Филатов Тимур Тимурович,ст. Старая Русса,23,Понедельник,Лекция по C++
62,Екатерина Эдуардовна Шарапова,ст. Андреаполь,26,Пятница,Видосы про кошечек
63,Степанова Тамара Андреевна,ст. Магадан,19,Пятница,LOST
64,Варлаам Ильич Кудряшов,клх Ревда (Сверд.),22,Вторник,Семинар по Java
65,Евпраксия Дмитриевна Семенова,п. Саянск,20,Суббота,Видосы про собачек
66,Добромысл Бориславович Мухин,г. Шамары,26,Вторник,Друзья
67,Станимир Артёмович Антонов,к. Пятигорск,20,Суббота,Семинар по мат. анализу
68,Наина Георгиевна Хохлова,с. Мураши,26,Понедельник,Лекция по Python
69,Станимир Артёмович Антонов,к. Пятигорск,20,Четверг,Семинар по ML
70,Русаков Пров Всеволодович,д. Яшалта,23,Вторник,Видосы про кошечек
71,Пелагея Ниловна Русакова,клх Баксан,24,Четверг,Доктор Кто
72,Иванна Аркадьевна Константинова,с. Каневская,23,Суббота,Аватар
73,г-жа Дьячкова Василиса Андреевна,г. Нижний Тагил,22,Суббота,Матрица
74,Нонна Геннадьевна Ковалева,ст. Вуктыл,26,Вторник,Видосы про кошечек
75,Соловьева Ульяна Тарасовна,п. Губаха,26,Вторник,Семинар по Java
76,Панкратий Жанович Смирнов,г. Новороссийск,19,Пятница,Семинар по Python
77,Ирина Архиповна Волкова,д. Кировск (Мурм.),27,Воскресенье,Матрица
78,Данила Игнатьевич Котов,ст. Подольск,27,Воскресенье,Оппенгеймер
79,Гуляев Якуб Алексеевич,п. Октябрьский (Башк.),21,Вторник,Семинар по Java
80,Константинова Анна Афанасьевна,клх Новокузнецк,19,Воскресенье,Бегущий по лезвию
81,Богдан Игнатьевич Гришин,д. Калач-на-Дону,21,Вторник,Игра престолов
82,Меркушева Анастасия Валериевна,п. Орел,27,Четверг,Бегущий по лезвию
83,Григорьева Евгения Васильевна,клх Екатеринбург,22,Среда,Оппенгеймер
84,Чернов Парфен Алексеевич,д. Пушкино (Моск.),25,Суббота,Матрица
85,Наина Георгиевна Хохлова,с. Мураши,26,Среда,Видосы про собачек
86,Кузьма Валерьевич Хохлов,г. Малгобек,27,Четверг,Доктор Кто
87,Комаров Никифор Германович,клх Муравленко,24,Вторник,Видосы про кошечек
88,Богданова Алевтина Васильевна,к. Наро-Фоминск,25,Воскресенье,Оппенгеймер
89,Мефодий Валерьевич Архипов,п. Радужный,22,Четверг,Видосы про собачек
90,Александра Юрьевна Прохорова,д. Верхотурье,22,Четверг,Видосы про собачек
91,Нонна Геннадьевна Ковалева,ст. Вуктыл,26,Понедельник,Лекция по Java
92,Павел Артурович Смирнов,г. Аша,20,Пятница,Видосы про кошечек
93,Людмила Натановна Дьячкова,ст. Губаха,23,Четверг,Оппенгеймер
94,Синклитикия Юльевна Мясникова,г. Шамары,25,Среда,Видосы про собачек
95,Соловьева Ульяна Тарасовна,п. Губаха,26,Суббота,Мир дикого запада
96,Комаров Афанасий Игнатович,п. Фатеж,24,Воскресенье,Аватар
97,Терентьев Авдей Бориславович,к. Нижневартовск,26,Суббота,Семинар по мат. анализу
98,Руслан Анисимович Корнилов,клх Пушкинские Горы,22,Воскресенье,Оппенгеймер
99,Соловьева Ульяна Тарасовна,п. Губаха,26,Среда,Бегущий по лезвию
100,Архип Афанасьевич Ларионов,клх Россошь,19,Вторник,Игра престолов
101,Радислав Валентинович Самойлов,клх Горячинск,27,Пятница,Видосы про кошечек
102,Агафья Богдановна Молчанова,г. Невинномысск,27,Воскресенье,Оппенгеймер
103,Иванна Аркадьевна Константинова,с. Каневская,23,Вторник,Видосы про кошечек
104,Варлаам Ильич Кудряшов,клх Ревда (Сверд.),22,Четверг,Оппенгеймер
105,Дарья Григорьевна Мельникова,к. Майкоп,24,Пятница,Видосы про кошечек
106,Русаков Пров Всеволодович,д. Яшалта,23,Суббота,Семинар по мат. анализу
107,Антонина Вениаминовна Красильникова,ст. Орел,21,Суббота,Семинар по мат. анализу
108,Рябова Наталья Артемовна,с. Москва,19,Среда,Друзья
109,Кузнецова Вера Владиславовна,п. Чусовой,23,Четверг,Бегущий по лезвию
110,Филатов Глеб Филатович,г. Волгоград,26,Вторник,Друзья
111,Светлана Игоревна Галкина,д. Черский,25,Суббота,Видосы про собачек
112,Русаков Пров Всеволодович,д. Яшалта,23,Среда,Видосы про собачек
113,Александра Юрьевна Прохорова,д. Верхотурье,22,Среда,Оппенгеймер
114,Богдан Игнатьевич Гришин,д. Калач-на-Дону,21,Воскресенье,Интерстеллар
115,Лукия Станиславовна Максимова,г. Билибино,25,Четверг,Видосы про собачек
116,Дорофеев Виктор Гурьевич,ст. Кузнецк,23,Суббота,Матрица
117,Мартынова Тамара Юльевна,ст. Ельня,25,Вторник,Семинар по Java
118,Наина Георгиевна Хохлова,с. Мураши,26,Вторник,Семинар по Java
119,Панкратий Жанович Смирнов,г. Новороссийск,19,Вторник,Игра престолов
120,Тетерина Пелагея Борисовна,г. Кимры,19,Вторник,LOST
121,Нонна Геннадьевна Ковалева,ст. Вуктыл,26,Пятница,Видосы про кошечек
122,Арсений Геннадиевич Фомичев,д. Ельня,20,Воскресенье,Аватар
123,Клавдия Романовна Ефимова,д. Домбай,18,Пятница,Друзья
124,Радислав Валентинович Самойлов,клх Горячинск,27,Среда,Видосы про собачек
125,Комаров Никифор Германович,клх Муравленко,24,Понедельник,Лекция по Python
126,Варлаам Ильич Кудряшов,клх Ревда (Сверд.),22,Воскресенье,Оппенгеймер
127,Варлаам Ильич Кудряшов,клх Ревда (Сверд.),22,Понедельник,Лекция по Python
128,Мирон Васильевич Терентьев,к. Яшалта,21,Среда,Оппенгеймер
129,г-жа Дьячкова Василиса Андреевна,г. Нижний Тагил,22,Пятница,Друзья
130,Марк Геннадиевич Николаев,к. Бологое,24,Вторник,Игра престолов
131,Клавдия Романовна Ефимова,д. Домбай,18,Четверг,Бегущий по лезвию
132,Марфа Артемовна Лебедева,п. Агинское (Забайк.),21,Воскресенье,Матрица
133,Фаина Игоревна Савельева,клх Истра,19,Воскресенье,Матрица
134,Гуляев Якуб Алексеевич,п. Октябрьский (Башк.),21,Воскресенье,Аватар
135,Федосеев Осип Яковлевич,клх Гремячинск (Бурят.),21,Вторник,LOST
136,Григорьева Евгения Васильевна,клх Екатеринбург,22,Понедельник,Лекция по Java
137,Константинова Анна Афанасьевна,клх Новокузнецк,19,Вторник,Видосы про кошечек
138,Радислав Валентинович Самойлов,клх Горячинск,27,Понедельник,Лекция по мат. анализу
139,Уваров Ферапонт Федосеевич,п. Россошь,19,Пятница,Доктор Хаус
140,Комаров Афанасий Игнатович,п. Фатеж,24,Четверг,Оппенгеймер
141,Варлаам Дорофеевич Виноградов,с. Серпухов,26,Суббота,Мир дикого запада
142,Елизар Харлампович Зуев,клх Мостовской,25,Воскресенье,Матрица
143,Павел Артурович Смирнов,г. Аша,20,Вторник,LOST
144,Третьякова Пелагея Харитоновна,с. Поронайск,18,Четверг,Видосы про собачек
145,Аркадий Юлианович Абрамов,г. Аршан (Бурят.),19,Суббота,Семинар по мат. анализу
146,Эдуард Теймуразович Филиппов,ст. Сковородино,27,Понедельник,Лекция по ML
147,Сорокин Геннадий Ермолаевич,п. Кизилюрт,22,Четверг,Оппенгеймер
148,Добромысл Бориславович Мухин,г. Шамары,26,Понедельник,Лекция по C++
149,Тимур Гертрудович Силин,ст. Северодвинск,22,Вторник,LOST
150,Третьякова Пелагея Харитоновна,с. Поронайск,18,Понедельник,Лекция по Java
151,Эдуард Теймуразович Филиппов,ст. Сковородино,27,Пятница,Семинар по Python
152,Бурова Екатерина Сергеевна,п. Серпухов,22,Понедельник,Лекция по Java
153,Терентьев Авдей Бориславович,к. Нижневартовск,26,Пятница,Видосы про кошечек
154,Спиридон Изотович Андреев,к. Нягань,26,Понедельник,Лекция по мат. анализу
155,Синклитикия Юльевна Мясникова,г. Шамары,25,Понедельник,Лекция по Java
156,Муравьева Татьяна Николаевна,д. Мезень,19,Воскресенье,Оппенгеймер
157,Григорьева Евгения Васильевна,клх Екатеринбург,22,Воскресенье,Аватар
158,Агата Юрьевна Горшкова,"ст. Москва, МГУ",21,Понедельник,Лекция по Python
159,Богданова Алевтина Васильевна,к. Наро-Фоминск,25,Пятница,Видосы про кошечек
160,Русаков Пров Всеволодович,д. Яшалта,23,Пятница,Доктор Хаус
161,Ольга Матвеевна Костина,к. Калевала,21,Четверг,Оппенгеймер
162,Моисей Валентинович Петров,п. Сухиничи,26,Пятница,Семинар по Python
163,Журавлева Вероника Тимофеевна,д. Магас,22,Четверг,Бегущий по лезвию
164,Аркадий Адамович Некрасов,с. Астрахань,18,Воскресенье,Матрица
165,Фаина Игоревна Савельева,клх Истра,19,Понедельник,Лекция по Python
166,Аркадий Юлианович Абрамов,г. Аршан (Бурят.),19,Понедельник,Лекция по Java
167,Виктория Антоновна Одинцова,к. Тюмень,19,Среда,Видосы про собачек
168,Наина Георгиевна Хохлова,с. Мураши,26,Суббота,Видосы про собачек
169,Элеонора Святославовна Кулакова,п. Армавир,19,Четверг,Семинар по ML
170,Муравьева Татьяна Николаевна,д. Мезень,19,Четверг,Семинар по ML
171,Терентьев Авдей Бориславович,к. Нижневартовск,26,Вторник,Семинар по Java
172,Андреев Арсений Аксёнович,с. Верхоянск,24,Суббота,Аватар
173,Нонна Геннадьевна Ковалева,ст. Вуктыл,26,Четверг,Доктор Кто
174,Марк Геннадиевич Николаев,к. Бологое,24,Пятница,Друзья
175,Архип Афанасьевич Ларионов,клх Россошь,19,Пятница,Видосы про кошечек
176,Дарья Григорьевна Мельникова,к. Майкоп,24,Понедельник,Лекция по ML
177,Кудрявцев Валентин Димитриевич,к. Усмань,26,Воскресенье,Бегущий по лезвию
178,Казимир Владленович Горбунов,п. Обоянь,26,Воскресенье,Аватар
179,Фаина Игоревна Савельева,клх Истра,19,Пятница,LOST
180,Гурьев Изяслав Анисимович,ст. Йошкар-Ола,21,Вторник,LOST
181,Александра Юрьевна Прохорова,д. Верхотурье,22,Вторник,Видосы про кошечек
182,Меркушева Анастасия Валериевна,п. Орел,27,Вторник,Видосы про кошечек
183,Марк Геннадиевич Николаев,к. Бологое,24,Суббота,Мир дикого запада
184,Рыбакова Нина Максимовна,к. Нарткала,27,Вторник,LOST
185,Руслан Анисимович Корнилов,клх Пушкинские Горы,22,Четверг,Бегущий по лезвию
186,Добромысл Бориславович Мухин,г. Шамары,26,Пятница,Доктор Хаус
187,Пелагея Ниловна Русакова,клх Баксан,24,Суббота,Семинар по мат. анализу
188,Архип Афанасьевич Ларионов,клх Россошь,19,Понедельник,Лекция по Java
189,Андреев Арсений Аксёнович,с. Верхоянск,24,Пятница,LOST
190,Кузнецова Вера Владиславовна,п. Чусовой,23,Вторник,LOST
191,Александра Святославовна Большакова,ст. Северо-Курильск,19,Среда,Бегущий по лезвию
192,Кошелева Ульяна Васильевна,г. Ставрополь,25,Воскресенье,Аватар
193,Александра Юрьевна Прохорова,д. Верхотурье,22,Суббота,Матрица
194,Федосеев Осип Яковлевич,клх Гремячинск (Бурят.),21,Среда,Видосы про собачек
195,Агата Юрьевна Горшкова,"ст. Москва, МГУ",21,Вторник,Игра престолов
196,Арсений Геннадиевич Фомичев,д. Ельня,20,Вторник,LOST
197,Терентьев Авдей Бориславович,к. Нижневартовск,26,Понедельник,Лекция по C++
198,Иванна Аркадьевна Константинова,с. Каневская,23,Четверг,Семинар по ML
199,Моисей Валентинович Петров,п. Сухиничи,26,Среда,Семинар по ML
200,Меркушева Анастасия Валериевна,п. Орел,27,Пятница,Семинар по Python
201,Варлаам Дорофеевич Виноградов,с. Серпухов,26,Четверг,Оппенгеймер
202,Герман Владленович Исаев,д. Ребриха,19,Пятница,Семинар по Python
203,Григорьева Евгения Васильевна,клх Екатеринбург,22,Суббота,Мир дикого запада
204,Матвеев Всемил Демидович,ст. Павловский Посад,27,Суббота,Аватар
205,Элеонора Святославовна Кулакова,п. Армавир,19,Вторник,Видосы про кошечек
206,Мефодий Валерьевич Архипов,п. Радужный,22,Понедельник,Лекция по Python
207,Клавдия Романовна Ефимова,д. Домбай,18,Вторник,Семинар по Java
208,Алина Викторовна Третьякова,г. Воронеж,23,Понедельник,Лекция по C++
209,Богданова Алевтина Васильевна,к. Наро-Фоминск,25,Среда,Видосы про собачек
210,Наина Аскольдовна Осипова,с. Красноуральск,24,Воскресенье,Интерстеллар
211,Панкратий Жанович Смирнов,г. Новороссийск,19,Воскресенье,Матрица
212,Агафья Богдановна Молчанова,г. Невинномысск,27,Вторник,Игра престолов
213,Спиридон Изотович Андреев,к. Нягань,26,Воскресенье,Матрица
214,Муравьева Татьяна Николаевна,д. Мезень,19,Среда,Бегущий по лезвию
215,Меркушева Анастасия Валериевна,п. Орел,27,Понедельник,Лекция по C++
216,Комаров Никифор Германович,клх Муравленко,24,Среда,Оппенгеймер
217,Журавлева Вероника Тимофеевна,д. Магас,22,Воскресенье,Матрица
218,Чернов Парфен Алексеевич,д. Пушкино (Моск.),25,Среда,Бегущий по лезвию
219,Светлана Игоревна Галкина,д. Черский,25,Воскресенье,Матрица
220,Игнатова Лора Валериевна,к. Арзамас,26,Четверг,Бегущий по лезвию
221,Степанова Тамара Андреевна,ст. Магадан,19,Вторник,Видосы про кошечек
222,Кабанов Прохор Матвеевич,п. Вилюйск,25,Суббота,Матрица
223,Андреев Арсений Аксёнович,с. Верхоянск,24,Понедельник,Лекция по Java
224,Лора Ефимовна Артемьева,д. Дубна,26,Воскресенье,Интерстеллар
225,Станимир Артёмович Антонов,к. Пятигорск,20,Вторник,Друзья
226,Богданова Алевтина Васильевна,к. Наро-Фоминск,25,Понедельник,Лекция по Java
227,тов. Михайлов Любосмысл Валентинович,д. Химки,23,Вторник,LOST
228,Степанова Тамара Андреевна,ст. Магадан,19,Понедельник,Лекция по ML
229,Тетерина Пелагея Борисовна,г. Кимры,19,Воскресенье,Интерстеллар
230,Юдин Ладислав Иларионович,г. Соликамск,18,Воскресенье,Матрица
231,Валерьян Тимурович Наумов,клх Тура,20,Четверг,Оппенгеймер
232,Дорофеев Виктор Гурьевич,ст. Кузнецк,23,Вторник,Игра престолов
233,Ирина Архиповна Волкова,д. Кировск (Мурм.),27,Вторник,Игра престолов
234,Богданова Алевтина Васильевна,к. Наро-Фоминск,25,Суббота,Семинар по мат. анализу
235,Шилов Светозар Харламович,с. Буйнакск,27,Понедельник,Лекция по Python
236,Уваров Ферапонт Федосеевич,п. Россошь,19,Среда,Семинар по ML
237,Болеслав Жоресович Шашков,г. Вендинга,20,Пятница,Доктор Хаус
238,Ольга Матвеевна Костина,к. Калевала,21,Пятница,LOST
239,тов. Михайлов Любосмысл Валентинович,д. Химки,23,Среда,Видосы про собачек
240,Федосеев Осип Яковлевич,клх Гремячинск (Бурят.),21,Четверг,Видосы про собачек
241,Екатерина Эдуардовна Шарапова,ст. Андреаполь,26,Вторник,Видосы про кошечек
242,Лукия Станиславовна Максимова,г. Билибино,25,Суббота,Аватар
243,Казимир Владленович Горбунов,п. Обоянь,26,Среда,Видосы про собачек
244,Мартынова Тамара Юльевна,ст. Ельня,25,Суббота,Видосы про собачек
245,Павел Артурович Смирнов,г. Аша,20,Суббота,Семинар по мат. анализу
246,Добромысл Бориславович Мухин,г. Шамары,26,Суббота,Семинар по мат. анализу
247,Константинова Анна Афанасьевна,клх Новокузнецк,19,Четверг,Оппенгеймер
248,Терентьев Авдей Бориславович,к. Нижневартовск,26,Четверг,Бегущий по лезвию
249,Екатерина Эдуардовна Шарапова,ст. Андреаполь,26,Суббота,Матрица
250,Богдан Игнатьевич Гришин,д. Калач-на-Дону,21,Суббота,Матрица
251,Руслан Анисимович Корнилов,клх Пушкинские Горы,22,Пятница,Видосы про кошечек
252,Рюрик Власович Игнатов,клх Усть-Баргузин,18,Среда,Друзья
253,Алина Викторовна Третьякова,г. Воронеж,23,Среда,Бегущий по лезвию
254,Русаков Пров Всеволодович,д. Яшалта,23,Четверг,Бегущий по лезвию
255,Тимур Гертрудович Силин,ст. Северодвинск,22,Воскресенье,Аватар
256,Антонина Вениаминовна Красильникова,ст. Орел,21,Среда,Оппенгеймер
257,Виктория Антоновна Одинцова,к. Тюмень,19,Суббота,Видосы про собачек
258,Филатов Тимур Тимурович,ст. Старая Русса,23,Четверг,Семинар по ML
259,Рябова Наталья Артемовна,с. Москва,19,Воскресенье,Оппенгеймер
260,Федосеев Исидор Жанович,п. Серафимович,22,Суббота,Семинар по мат. анализу
261,тов. Михайлов Любосмысл Валентинович,д. Химки,23,Четверг,Семинар по ML
262,Арсений Геннадиевич Фомичев,д. Ельня,20,Суббота,Матрица
263,Гурьев Изяслав Анисимович,ст. Йошкар-Ола,21,Воскресенье,Бегущий по лезвию
264,Мартын Исидорович Терентьев,г. Тында,27,Пятница,Семинар по Python
265,Павел Артурович Смирнов,г. Аша,20,Понедельник,Лекция по Python
266,Лора Ефимовна Артемьева,д. Дубна,26,Суббота,Мир дикого запада
267,Степанова Тамара Андреевна,ст. Магадан,19,Суббота,Матрица
268,Филатов Тимур Тимурович,ст. Старая Русса,23,Пятница,Видосы про кошечек
269,Наина Аскольдовна Осипова,с. Красноуральск,24,Понедельник,Лекция по Java
270,Комаров Афанасий Игнатович,п. Фатеж,24,Пятница,Семинар по Python
271,Виктория Антоновна Одинцова,к. Тюмень,19,Четверг,Семинар по ML
272,Дарья Григорьевна Мельникова,к. Майкоп,24,Суббота,Матрица
273,Мартын Исидорович Терентьев,г. Тында,27,Четверг,Семинар по ML
274,Болеслав Жоресович Шашков,г. Вендинга,20,Среда,Видосы про собачек
275,Радислав Валентинович Самойлов,клх Горячинск,27,Вторник,Игра престолов
276,Игнатова Лора Валериевна,к. Арзамас,26,Понедельник,Лекция по мат. анализу
277,Дорофеев Виктор Гурьевич,ст. Кузнецк,23,Воскресенье,Матрица
278,Игнатова Лора Валериевна,к. Арзамас,26,Суббота,Матрица
279,Журавлева Вероника Тимофеевна,д. Магас,22,Пятница,Друзья
280,Болеслав Жоресович Шашков,г. Вендинга,20,Четверг,Доктор Кто
281,Марк Геннадиевич Николаев,к. Бологое,24,Четверг,Семинар по ML
282,Алина Викторовна Третьякова,г. Воронеж,23,Воскресенье,Матрица
283,Константинова Анна Афанасьевна,клх Новокузнецк,19,Суббота,Мир дикого запада
284,Богданова Алевтина Васильевна,к. Наро-Фоминск,25,Вторник,Видосы про кошечек
285,Уваров Ферапонт Федосеевич,п. Россошь,19,Четверг,Бегущий по лезвию
286,Матвеев Всемил Демидович,ст. Павловский Посад,27,Четверг,Семинар по ML
287,Кузьма Валерьевич Хохлов,г. Малгобек,27,Воскресенье,Аватар
288,Станимир Артёмович Антонов,к. Пятигорск,20,Воскресенье,Аватар
289,Марфа Артемовна Лебедева,п. Агинское (Забайк.),21,Вторник,Видосы про кошечек
290,Терентьев Авдей Бориславович,к. Нижневартовск,26,Среда,Бегущий по лезвию
291,Кузнецова Вера Владиславовна,п. Чусовой,23,Воскресенье,Оппенгеймер
292,Данила Игнатьевич Котов,ст. Подольск,27,Понедельник,Лекция по Java
293,Бурова Екатерина Сергеевна,п. Серпухов,22,Суббота,Мир дикого запада
294,Кабанов Прохор Матвеевич,п. Вилюйск,25,Пятница,Видосы про кошечек
295,Кошелев Евстафий Ефимьевич,г. Киров (Вятка),23,Вторник,Игра престолов
296,Марфа Артемовна Лебедева,п. Агинское (Забайк.),21,Понедельник,Лекция по Java
297,Наина Аскольдовна Осипова,с. Красноуральск,24,Четверг,Оппенгеймер
298,Таисия Эдуардовна Дмитриева,ст. Железногорск(Курск.),26,Вторник,Видосы про кошечек
299,Меркушева Анастасия Валериевна,п. Орел,27,Среда,Видосы про собачек
300,Светлана Игоревна Галкина,д. Черский,25,Пятница,Семинар по Python
301,Спиридон Изотович Андреев,к. Нягань,26,Суббота,Аватар
302,Аркадий Юлианович Абрамов,г. Аршан (Бурят.),19,Вторник,Видосы про кошечек
303,Сорокин Геннадий Ермолаевич,п. Кизилюрт,22,Пятница,Видосы про кошечек
304,Рыбакова Нина Максимовна,к. Нарткала,27,Воскресенье,Интерстеллар
305,Чернов Парфен Алексеевич,д. Пушкино (Моск.),25,Вторник,Семинар по Java
306,Данила Игнатьевич Котов,ст. Подольск,27,Вторник,Видосы про кошечек
307,Мартын Исидорович Терентьев,г. Тында,27,Воскресенье,Матрица
308,Мартын Исидорович Терентьев,г. Тында,27,Вторник,Видосы про кошечек
309,Марфа Артемовна Лебедева,п. Агинское (Забайк.),21,Четверг,Бегущий по лезвию
310,Наина Георгиевна Хохлова,с. Мураши,26,Четверг,Доктор Кто
311,Третьякова Пелагея Харитоновна,с. Поронайск,18,Пятница,Видосы про кошечек
312,Мартынова Тамара Юльевна,ст. Ельня,25,Понедельник,Лекция по C++
313,Шилов Светозар Харламович,с. Буйнакск,27,Воскресенье,Аватар
314,Федосеев Осип Яковлевич,клх Гремячинск (Бурят.),21,Воскресенье,Оппенгеймер
315,Федосеев Исидор Жанович,п. Серафимович,22,Среда,Семинар по ML
316,Тетерина Пелагея Борисовна,г. Кимры,19,Понедельник,Лекция по Python
317,Терентьев Авдей Бориславович,к. Нижневартовск,26,Воскресенье,Интерстеллар
318,Клавдия Романовна Ефимова,д. Домбай,18,Воскресенье,Бегущий по лезвию
319,Иванна Аркадьевна Константинова,с. Каневская,23,Среда,Видосы про собачек
320,Аркадий Юлианович Абрамов,г. Аршан (Бурят.),19,Пятница,LOST
321,Тимур Гертрудович Силин,ст. Северодвинск,22,Понедельник,Лекция по ML
322,Моисей Валентинович Петров,п. Сухиничи,26,Понедельник,Лекция по ML
323,Ирина Архиповна Волкова,д. Кировск (Мурм.),27,Четверг,Видосы про собачек
324,Мартынова Тамара Юльевна,ст. Ельня,25,Воскресенье,Аватар
325,Сорокин Геннадий Ермолаевич,п. Кизилюрт,22,Суббота,Матрица
326,Таисия Эдуардовна Дмитриева,ст. Железногорск(Курск.),26,Пятница,Доктор Хаус
327,Мартынова Тамара Юльевна,ст. Ельня,25,Среда,Друзья
328,Пелагея Ниловна Русакова,клх Баксан,24,Понедельник,Лекция по Python
329,Герман Владленович Исаев,д. Ребриха,19,Воскресенье,Матрица
330,Рюрик Власович Игнатов,клх Усть-Баргузин,18,Вторник,LOST
331,Панкратий Жанович Смирнов,г. Новороссийск,19,Суббота,Мир дикого запада
332,Светлана Игоревна Галкина,д. Черский,25,Четверг,Видосы про собачек
333,Кабанов Прохор Матвеевич,п. Вилюйск,25,Четверг,Бегущий по лезвию
334,Калинина Евгения Георгиевна,д. Онега,20,Воскресенье,Аватар
335,Варлаам Ильич Кудряшов,клх Ревда (Сверд.),22,Суббота,Видосы про собачек
336,Кудрявцев Валентин Димитриевич,к. Усмань,26,Среда,Видосы про собачек
337,Мефодий Валерьевич Архипов,п. Радужный,22,Среда,Друзья
338,Журавлева Вероника Тимофеевна,д. Магас,22,Среда,Друзья
339,Евпраксия Дмитриевна Семенова,п. Саянск,20,Вторник,Игра престолов
340,Гуляев Якуб Алексеевич,п. Октябрьский (Башк.),21,Среда,Видосы про собачек
341,Валерьян Тимурович Наумов,клх Тура,20,Воскресенье,Матрица
342,Антонина Вениаминовна Красильникова,ст. Орел,21,Воскресенье,Интерстеллар
343,Елизар Харлампович Зуев,клх Мостовской,25,Понедельник,Лекция по Python
344,Елизар Харлампович Зуев,клх Мостовской,25,Пятница,Видосы про кошечек
345,Добромысл Бориславович Мухин,г. Шамары,26,Воскресенье,Интерстеллар
346,Моисей Валентинович Петров,п. Сухиничи,26,Четверг,Бегущий по лезвию
347,Татьяна Аскольдовна Сазонова,с. Нефедова,25,Четверг,Бегущий по лезвию
348,Моисей Валентинович Петров,п. Сухиничи,26,Суббота,Мир дикого запада
349,Евпраксия Дмитриевна Семенова,п. Саянск,20,Среда,Бегущий по лезвию
350,Кабанов Прохор Матвеевич,п. Вилюйск,25,Вторник,Видосы про кошечек
351,тов. Михайлов Любосмысл Валентинович,д. Химки,23,Суббота,Видосы про собачек
352,Руслан Анисимович Корнилов,клх Пушкинские Горы,22,Суббота,Матрица
353,Павел Артурович Смирнов,г. Аша,20,Воскресенье,Матрица
354,Архип Афанасьевич Ларионов,клх Россошь,19,Воскресенье,Бегущий по лезвию
355,Синклитикия Юльевна Мясникова,г. Шамары,25,Четверг,Оппенгеймер
356,Максим Ефимович Аксенов,ст. Дагомыс,18,Понедельник,Лекция по C++
357,Мартын Исидорович Терентьев,г. Тында,27,Суббота,Видосы про собачек
358,Аркадий Юлианович Абрамов,г. Аршан (Бурят.),19,Воскресенье,Матрица
359,Александра Святославовна Большакова,ст. Северо-Курильск,19,Понедельник,Лекция по Python
360,Филатов Глеб Филатович,г. Волгоград,26,Суббота,Матрица
361,Казимир Владленович Горбунов,п. Обоянь,26,Четверг,Семинар по ML
362,Архип Афанасьевич Ларионов,клх Россошь,19,Среда,Семинар по ML
363,Кузьма Валерьевич Хохлов,г. Малгобек,27,Суббота,Матрица
364,Александра Юрьевна Прохорова,д. Верхотурье,22,Понедельник,Лекция по C++
365,Федосеев Осип Яковлевич,клх Гремячинск (Бурят.),21,Понедельник,Лекция по C++
366,Елизар Харлампович Зуев,клх Мостовской,25,Четверг,Бегущий по лезвию
367,Герман Владленович Исаев,д. Ребриха,19,Суббота,Семинар по мат. анализу
368,Комаров Никифор Германович,клх Муравленко,24,Четверг,Бегущий по лезвию
369,Евпраксия Дмитриевна Семенова,п. Саянск,20,Воскресенье,Интерстеллар
370,Рыбакова Нина Максимовна,к. Нарткала,27,Четверг,Доктор Кто
371,Людмила Натановна Дьячкова,ст. Губаха,23,Понедельник,Лекция по мат. анализу
372,Федосеев Исидор Жанович,п. Серафимович,22,Вторник,Видосы про кошечек
373,Рюрик Власович Игнатов,клх Усть-Баргузин,18,Четверг,Бегущий по лезвию
374,Уваров Ферапонт Федосеевич,п. Россошь,19,Понедельник,Лекция по Python
375,Александра Юрьевна Прохорова,д. Верхотурье,22,Пятница,Доктор Хаус
376,Варлаам Ильич Кудряшов,клх Ревда (Сверд.),22,Среда,Видосы про собачек
377,Марфа Артемовна Лебедева,п. Агинское (Забайк.),21,Среда,Видосы про собачек
378,г-жа Дьячкова Василиса Андреевна,г. Нижний Тагил,22,Понедельник,Лекция по мат. анализу
379,Мартын Исидорович Терентьев,г. Тында,27,Понедельник,Лекция по Python
380,Богдан Игнатьевич Гришин,д. Калач-на-Дону,21,Пятница,Друзья
381,Кабанов Прохор Матвеевич,п. Вилюйск,25,Понедельник,Лекция по Python
382,Алина Викторовна Третьякова,г. Воронеж,23,Суббота,Мир дикого запада
383,Дорофеев Виктор Гурьевич,ст. Кузнецк,23,Среда,Друзья
384,Рюрик Власович Игнатов,клх Усть-Баргузин,18,Понедельник,Лекция по ML
385,Агафья Богдановна Молчанова,г. Невинномысск,27,Пятница,Друзья
386,Варлаам Дорофеевич Виноградов,с. Серпухов,26,Среда,Бегущий по лезвию
387,Руслан Анисимович Корнилов,клх Пушкинские Горы,22,Вторник,Друзья
388,Наина Аскольдовна Осипова,с. Красноуральск,24,Пятница,Семинар по Python
389,Гурьев Изяслав Анисимович,ст. Йошкар-Ола,21,Среда,Бегущий по лезвию
390,Элеонора Святославовна Кулакова,п. Армавир,19,Среда,Друзья
391,Алина Викторовна Третьякова,г. Воронеж,23,Пятница,Видосы про кошечек
392,Марфа Артемовна Лебедева,п. Агинское (Забайк.),21,Пятница,LOST
393,Наина Аскольдовна Осипова,с. Красноуральск,24,Суббота,Матрица
394,Эдуард Теймуразович Филиппов,ст. Сковородино,27,Вторник,Игра престолов
395,Спиридон Изотович Андреев,к. Нягань,26,Среда,Семинар по ML
396,Таисия Эдуардовна Дмитриева,ст. Железногорск(Курск.),26,Среда,Видосы про собачек
397,Александра Святославовна Большакова,ст. Северо-Курильск,19,Воскресенье,Бегущий по лезвию
398,Мирон Васильевич Терентьев,к. Яшалта,21,Понедельник,Лекция по Python
399,Мефодий Валерьевич Архипов,п. Радужный,22,Суббота,Мир дикого запада
400,Бурова Екатерина Сергеевна,п. Серпухов,22,Вторник,Видосы про кошечек
401,Чернов Парфен Алексеевич,д. Пушкино (Моск.),25,Воскресенье,Бегущий по лезвию
402,Аркадий Адамович Некрасов,с. Астрахань,18,Четверг,Бегущий по лезвию
403,Варлаам Дорофеевич Виноградов,с. Серпухов,26,Пятница,Видосы про кошечек
404,Григорьева Евгения Васильевна,клх Екатеринбург,22,Пятница,Семинар по Python
405,Третьякова Пелагея Харитоновна,с. Поронайск,18,Суббота,Аватар
406,Варлаам Дорофеевич Виноградов,с. Серпухов,26,Вторник,Семинар по Java
407,Дорофеев Виктор Гурьевич,ст. Кузнецк,23,Четверг,Семинар по ML
408,Чернов Парфен Алексеевич,д. Пушкино (Моск.),25,Пятница,LOST
409,Меркушева Анастасия Валериевна,п. Орел,27,Суббота,Семинар по мат. анализу
410,Кошелев Евстафий Ефимьевич,г. Киров (Вятка),23,Понедельник,Лекция по Python
411,Кузьма Валерьевич Хохлов,г. Малгобек,27,Вторник,LOST
412,Агата Юрьевна Горшкова,"ст. Москва, МГУ",21,Пятница,Видосы про кошечек
413,Андреев Арсений Аксёнович,с. Верхоянск,24,Вторник,Игра престолов
414,Пелагея Ниловна Русакова,клх Баксан,24,Воскресенье,Матрица
415,Уваров Ферапонт Федосеевич,п. Россошь,19,Воскресенье,Матрица
416,Казимир Владленович Горбунов,п. Обоянь,26,Понедельник,Лекция по Python
417,Рябова Наталья Артемовна,с. Москва,19,Понедельник,Лекция по C++
418,Александра Юрьевна Прохорова,д. Верхотурье,22,Воскресенье,Интерстеллар
419,Нонна Геннадьевна Ковалева,ст. Вуктыл,26,Воскресенье,Оппенгеймер
420,Соловьева Ульяна Тарасовна,п. Губаха,26,Понедельник,Лекция по ML
421,Мирон Васильевич Терентьев,к. Яшалта,21,Вторник,Видосы про кошечек
422,Гуляев Якуб Алексеевич,п. Октябрьский (Башк.),21,Суббота,Аватар
423,Кошелев Евстафий Ефимьевич,г. Киров (Вятка),23,Среда,Семинар по ML
424,Добромысл Бориславович Мухин,г. Шамары,26,Среда,Бегущий по лезвию
425,Ирина Архиповна Волкова,д. Кировск (Мурм.),27,Суббота,Матрица
426,Екатерина Эдуардовна Шарапова,ст. Андреаполь,26,Воскресенье,Интерстеллар
427,Екатерина Эдуардовна Шарапова,ст. Андреаполь,26,Среда,Видосы про собачек
428,Тетерина Пелагея Борисовна,г. Кимры,19,Пятница,Семинар по Python
429,Татьяна Аскольдовна Сазонова,с. Нефедова,25,Среда,Семинар по ML
430,Станимир Артёмович Антонов,к. Пятигорск,20,Понедельник,Лекция по мат. анализу
431,Архип Афанасьевич Ларионов,клх Россошь,19,Четверг,Семинар по ML
432,Болеслав Жоресович Шашков,г. Вендинга,20,Вторник,Видосы про кошечек
433,Клавдия Романовна Ефимова,д. Домбай,18,Среда,Друзья
434,Иванна Аркадьевна Константинова,с. Каневская,23,Понедельник,Лекция по ML
435,Мирон Васильевич Терентьев,к. Яшалта,21,Воскресенье,Интерстеллар
436,Болеслав Жоресович Шашков,г. Вендинга,20,Понедельник,Лекция по Python
437,Кошелев Евстафий Ефимьевич,г. Киров (Вятка),23,Воскресенье,Бегущий по лезвию
438,Валерьян Тимурович Наумов,клх Тура,20,Среда,Видосы про собачек
439,Русаков Пров Всеволодович,д. Яшалта,23,Понедельник,Лекция по ML
440,Людмила Натановна Дьячкова,ст. Губаха,23,Среда,Бегущий по лезвию
441,Максим Ефимович Аксенов,ст. Дагомыс,18,Четверг,Доктор Кто
442,Кабанов Прохор Матвеевич,п. Вилюйск,25,Воскресенье,Интерстеллар
443,Ирина Архиповна Волкова,д. Кировск (Мурм.),27,Пятница,Семинар по Python
444,Арсений Геннадиевич Фомичев,д. Ельня,20,Среда,Видосы про собачек
445,Ирина Архиповна Волкова,д. Кировск (Мурм.),27,Понедельник,Лекция по C++
446,Филатов Глеб Филатович,г. Волгоград,26,Воскресенье,Аватар
447,Агата Юрьевна Горшкова,"ст. Москва, МГУ",21,Воскресенье,Аватар
448,Трофим Васильевич Анисимов,д. Королев,20,Четверг,Семинар по ML
449,Людмила Натановна Дьячкова,ст. Губаха,23,Суббота,Семинар по мат. анализу
450,Константинова Анна Афанасьевна,клх Новокузнецк,19,Пятница,LOST
451,Фаина Игоревна Савельева,клх Истра,19,Среда,Оппенгеймер
452,Эдуард Теймуразович Филиппов,ст. Сковородино,27,Суббота,Семинар по мат. анализу
453,Уваров Ферапонт Федосеевич,п. Россошь,19,Вторник,Семинар по Java
454,Калинина Евгения Георгиевна,д. Онега,20,Четверг,Видосы про собачек
455,Синклитикия Юльевна Мясникова,г. Шамары,25,Пятница,LOST
456,Спиридон Изотович Андреев,к. Нягань,26,Четверг,Семинар по ML
457,Максим Ефимович Аксенов,ст. Дагомыс,18,Воскресенье,Оппенгеймер
458,Герман Владленович Исаев,д. Ребриха,19,Четверг,Бегущий по лезвию
459,Элеонора Святославовна Кулакова,п. Армавир,19,Понедельник,Лекция по Java
460,Лукия Станиславовна Максимова,г. Билибино,25,Понедельник,Лекция по C++
461,Кошелева Ульяна Васильевна,г. Ставрополь,25,Вторник,LOST
462,Мефодий Валерьевич Архипов,п. Радужный,22,Пятница,Видосы про кошечек
463,Валерьян Тимурович Наумов,клх Тура,20,Суббота,Аватар
464,Андреев Арсений Аксёнович,с. Верхоянск,24,Среда,Видосы про собачек
465,Богдан Игнатьевич Гришин,д. Калач-на-Дону,21,Понедельник,Лекция по Java
466,Иванна Аркадьевна Константинова,с. Каневская,23,Воскресенье,Аватар
467,Наина Аскольдовна Осипова,с. Красноуральск,24,Среда,Видосы про собачек
468,Федосеев Осип Яковлевич,клх Гремячинск (Бурят.),21,Пятница,Друзья
469,Дорофеев Виктор Гурьевич,ст. Кузнецк,23,Пятница,Видосы про кошечек
470,Евпраксия Дмитриевна Семенова,п. Саянск,20,Четверг,Семинар по ML
471,Эдуард Теймуразович Филиппов,ст. Сковородино,27,Воскресенье,Оппенгеймер
472,Юдин Ладислав Иларионович,г. Соликамск,18,Среда,Друзья
473,Соловьева Ульяна Тарасовна,п. Губаха,26,Четверг,Семинар по ML
474,Кудрявцев Валентин Димитриевич,к. Усмань,26,Вторник,Видосы про кошечек
475,Гуляев Якуб Алексеевич,п. Октябрьский (Башк.),21,Четверг,Оппенгеймер
476,Тетерина Пелагея Борисовна,г. Кимры,19,Среда,Друзья
477,Кошелев Евстафий Ефимьевич,г. Киров (Вятка),23,Пятница,Доктор Хаус
478,Нонна Геннадьевна Ковалева,ст. Вуктыл,26,Среда,Семинар по ML
479,Кузнецова Вера Владиславовна,п. Чусовой,23,Пятница,Видосы про кошечек
480,Дарья Григорьевна Мельникова,к. Майкоп,24,Четверг,Бегущий по лезвию
481,Филатов Тимур Тимурович,ст. Старая Русса,23,Вторник,Семинар по Java
482,Евпраксия Дмитриевна Семенова,п. Саянск,20,Понедельник,Лекция по Java
483,Ольга Матвеевна Костина,к. Калевала,21,Вторник,LOST
484,Виктория Антоновна Одинцова,к. Тюмень,19,Понедельник,Лекция по Python
485,Людмила Натановна Дьячкова,ст. Губаха,23,Пятница,LOST
486,Ольга Матвеевна Костина,к. Калевала,21,Суббота,Матрица
487,Федосеев Исидор Жанович,п. Серафимович,22,Воскресенье,Матрица
488,Максим Ефимович Аксенов,ст. Дагомыс,18,Пятница,LOST
489,Гурьев Изяслав Анисимович,ст. Йошкар-Ола,21,Четверг,Семинар по ML
490,Казимир Владленович Горбунов,п. Обоянь,26,Вторник,LOST
491,Екатерина Эдуардовна Шарапова,ст. Андреаполь,26,Понедельник,Лекция по Python
492,Таисия Эдуардовна Дмитриева,ст. Железногорск(Курск.),26,Четверг,Доктор Кто
493,Александра Святославовна Большакова,ст. Северо-Курильск,19,Суббота,Видосы про собачек
494,Трофим Васильевич Анисимов,д. Королев,20,Понедельник,Лекция по ML
495,Кошелева Ульяна Васильевна,г. Ставрополь,25,Среда,Семинар по ML
496,Мартынова Тамара Юльевна,ст. Ельня,25,Четверг,Семинар по ML
497,Мирон Васильевич Терентьев,к. Яшалта,21,Пятница,Видосы про кошечек
498,Шилов Светозар Харламович,с. Буйнакск,27,Пятница,Видосы про кошечек
499,Радислав Валентинович Самойлов,клх Горячинск,27,Суббота,Аватар
500,Валерьян Тимурович Наумов,клх Тура,20,Пятница,LOST
501,Шилов Светозар Харламович,с. Буйнакск,27,Среда,Друзья
502,Трофим Васильевич Анисимов,д. Королев,20,Суббота,Матрица
503,Кошелева Ульяна Васильевна,г. Ставрополь,25,Четверг,Бегущий по лезвию
504,Антонина Вениаминовна Красильникова,ст. Орел,21,Вторник,Игра престолов
505,Таисия Эдуардовна Дмитриева,ст. Железногорск(Курск.),26,Понедельник,Лекция по мат. анализу
506,Кудрявцев Валентин Димитриевич,к. Усмань,26,Суббота,Аватар
507,Лора Ефимовна Артемьева,д. Дубна,26,Пятница,Доктор Хаус
508,Уваров Ферапонт Федосеевич,п. Россошь,19,Суббота,Матрица
509,Юдин Ладислав Иларионович,г. Соликамск,18,Четверг,Оппенгеймер
510,Комаров Афанасий Игнатович,п. Фатеж,24,Среда,Оппенгеймер
511,Степанова Тамара Андреевна,ст. Магадан,19,Четверг,Бегущий по лезвию
512,Федосеев Осип Яковлевич,клх Гремячинск (Бурят.),21,Суббота,Аватар
513,Елизар Харлампович Зуев,клх Мостовской,25,Суббота,Семинар по мат. анализу
514,Третьякова Пелагея Харитоновна,с. Поронайск,18,Воскресенье,Бегущий по лезвию
515,Фаина Игоревна Савельева,клх Истра,19,Четверг,Доктор Кто
516,Филатов Глеб Филатович,г. Волгоград,26,Среда,Друзья
517,Игнатова Лора Валериевна,к. Арзамас,26,Среда,Видосы про собачек
518,Аркадий Юлианович Абрамов,г. Аршан (Бурят.),19,Четверг,Бегущий по лезвию
519,Агафья Богдановна Молчанова,г. Невинномысск,27,Четверг,Бегущий по лезвию
520,Игнатова Лора Валериевна,к. Арзамас,26,Вторник,Игра престолов
521,Андреев Арсений Аксёнович,с. Верхоянск,24,Воскресенье,Интерстеллар
522,Сорокин Геннадий Ермолаевич,п. Кизилюрт,22,Среда,Видосы про собачек
523,Трофим Васильевич Анисимов,д. Королев,20,Вторник,Игра престолов
524,Дорофеев Виктор Гурьевич,ст. Кузнецк,23,Понедельник,Лекция по Java
525,Гуляев Якуб Алексеевич,п. Октябрьский (Башк.),21,Пятница,Видосы про кошечек
526,Алина Викторовна Третьякова,г. Воронеж,23,Вторник,Видосы про кошечек
527,Таисия Эдуардовна Дмитриева,ст. Железногорск(Курск.),26,Суббота,Аватар
528,Марк Геннадиевич Николаев,к. Бологое,24,Среда,Видосы про собачек
529,Трофим Васильевич Анисимов,д. Королев,20,Среда,Бегущий по лезвию
530,Сорокин Геннадий Ермолаевич,п. Кизилюрт,22,Воскресенье,Оппенгеймер
531,Константинова Анна Афанасьевна,клх Новокузнецк,19,Понедельник,Лекция по мат. анализу
532,Антонина Вениаминовна Красильникова,ст. Орел,21,Четверг,Доктор Кто
533,Иванна Аркадьевна Константинова,с. Каневская,23,Пятница,Семинар по Python
534,Бурова Екатерина Сергеевна,п. Серпухов,22,Четверг,Бегущий по лезвию
535,Мирон Васильевич Терентьев,к. Яшалта,21,Четверг,Оппенгеймер
536,Марк Геннадиевич Николаев,к. Бологое,24,Воскресенье,Бегущий по лезвию
537,Тимур Гертрудович Силин,ст. Северодвинск,22,Четверг,Доктор Кто
538,Людмила Натановна Дьячкова,ст. Губаха,23,Воскресенье,Бегущий по лезвию
539,Болеслав Жоресович Шашков,г. Вендинга,20,Воскресенье,Бегущий по лезвию
540,Архип Афанасьевич Ларионов,клх Россошь,19,Суббота,Аватар
541,тов. Михайлов Любосмысл Валентинович,д. Химки,23,Пятница,Видосы про кошечек
542,Мартынова Тамара Юльевна,ст. Ельня,25,Пятница,Семинар по Python
543,Аркадий Адамович Некрасов,с. Астрахань,18,Вторник,Игра престолов
544,Гурьев Изяслав Анисимович,ст. Йошкар-Ола,21,Понедельник,Лекция по C++
545,Нонна Геннадьевна Ковалева,ст. Вуктыл,26,Суббота,Аватар
546,Федосеев Исидор Жанович,п. Серафимович,22,Понедельник,Лекция по мат. анализу
547,Юдин Ладислав Иларионович,г. Соликамск,18,Понедельник,Лекция по Java
548,Панкратий Жанович Смирнов,г. Новороссийск,19,Понедельник,Лекция по Python
549,Лукия Станиславовна Максимова,г. Билибино,25,Пятница,Доктор Хаус
550,Кузьма Валерьевич Хохлов,г. Малгобек,27,Среда,Бегущий по лезвию
551,Радислав Валентинович Самойлов,клх Горячинск,27,Четверг,Доктор Кто
552,Данила Игнатьевич Котов,ст. Подольск,27,Пятница,Друзья
553,Александра Святославовна Большакова,ст. Северо-Курильск,19,Пятница,Семинар по Python
554,Тетерина Пелагея Борисовна,г. Кимры,19,Суббота,Аватар
555,г-жа Дьячкова Василиса Андреевна,г. Нижний Тагил,22,Среда,Видосы про собачек
556,Бурова Екатерина Сергеевна,п. Серпухов,22,Пятница,LOST
557,Болеслав Жоресович Шашков,г. Вендинга,20,Суббота,Семинар по мат. анализу
558,Калинина Евгения Георгиевна,д. Онега,20,Среда,Семинар по ML
559,Калинина Евгения Георгиевна,д. Онега,20,Суббота,Аватар
560,Федосеев Исидор Жанович,п. Серафимович,22,Четверг,Оппенгеймер
561,Наина Георгиевна Хохлова,с. Мураши,26,Воскресенье,Оппенгеймер
562,Таисия Эдуардовна Дмитриева,ст. Железногорск(Курск.),26,Воскресенье,Оппенгеймер
563,Моисей Валентинович Петров,п. Сухиничи,26,Вторник,Видосы про кошечек
564,Лукия Станиславовна Максимова,г. Билибино,25,Вторник,LOST
565,Чернов Парфен Алексеевич,д. Пушкино (Моск.),25,Понедельник,Лекция по Python
566,Богданова Алевтина Васильевна,к. Наро-Фоминск,25,Четверг,Бегущий по лезвию
567,Руслан Анисимович Корнилов,клх Пушкинские Горы,22,Среда,Оппенгеймер
568,Муравьева Татьяна Николаевна,д. Мезень,19,Пятница,Семинар по Python
569,Клавдия Романовна Ефимова,д. Домбай,18,Суббота,Аватар
570,Лукия Станиславовна Максимова,г. Билибино,25,Воскресенье,Интерстеллар
571,Аркадий Юлианович Абрамов,г. Аршан (Бурят.),19,Среда,Друзья
572,Григорьева Евгения Васильевна,клх Екатеринбург,22,Четверг,Семинар по ML
573,Данила Игнатьевич Котов,ст. Подольск,27,Среда,Бегущий по лезвию
574,Арсений Геннадиевич Фомичев,д. Ельня,20,Четверг,Доктор Кто
575,Спиридон Изотович Андреев,к. Нягань,26,Пятница,Семинар по Python
576,Варлаам Дорофеевич Виноградов,с. Серпухов,26,Понедельник,Лекция по ML
577,Варлаам Дорофеевич Виноградов,с. Серпухов,26,Воскресенье,Бегущий по лезвию
578,Евпраксия Дмитриевна Семенова,п. Саянск,20,Пятница,Видосы про кошечек
579,Александра Святославовна Большакова,ст. Северо-Курильск,19,Четверг,Оппенгеймер
580,Светлана Игоревна Галкина,д. Черский,25,Среда,Оппенгеймер
581,Ольга Матвеевна Костина,к. Калевала,21,Понедельник,Лекция по ML
582,Максим Ефимович Аксенов,ст. Дагомыс,18,Суббота,Семинар по мат. анализу
583,Казимир Владленович Горбунов,п. Обоянь,26,Пятница,LOST
584,Аркадий Адамович Некрасов,с. Астрахань,18,Среда,Видосы про собачек
585,Валерьян Тимурович Наумов,клх Тура,20,Понедельник,Лекция по C++
586,Светлана Игоревна Галкина,д. Черский,25,Понедельник,Лекция по Python
587,Кудрявцев Валентин Димитриевич,к. Усмань,26,Пятница,Семинар по Python
588,Агата Юрьевна Горшкова,"ст. Москва, МГУ",21,Четверг,Семинар по ML
589,Комаров Никифор Германович,клх Муравленко,24,Воскресенье,Аватар
590,Пелагея Ниловна Русакова,клх Баксан,24,Пятница,Друзья
591,Комаров Афанасий Игнатович,п. Фатеж,24,Вторник,Видосы про кошечек
592,Лора Ефимовна Артемьева,д. Дубна,26,Среда,Оппенгеймер
593,Синклитикия Юльевна Мясникова,г. Шамары,25,Вторник,Семинар по Java
594,Елизар Харлампович Зуев,клх Мостовской,25,Среда,Бегущий по лезвию
595,Синклитикия Юльевна Мясникова,г. Шамары,25,Воскресенье,Оппенгеймер
596,Муравьева Татьяна Николаевна,д. Мезень,19,Суббота,Мир дикого запада
597,Кузнецова Вера Владиславовна,п. Чусовой,23,Среда,Видосы про собачек
598,тов. Михайлов Любосмысл Валентинович,д. Химки,23,Воскресенье,Бегущий по лезвию
599,Калинина Евгения Георгиевна,д. Онега,20,Вторник,Друзья
600,Трофим Васильевич Анисимов,д. Королев,20,Воскресенье,Бегущий по лезвию
601,Кузьма Валерьевич Хохлов,г. Малгобек,27,Пятница,Друзья
602,Гуляев Якуб Алексеевич,п. Октябрьский (Башк.),21,Понедельник,Лекция по Java
603,Журавлева Вероника Тимофеевна,д. Магас,22,Понедельник,Лекция по Python
604,Ольга Матвеевна Костина,к. Калевала,21,Воскресенье,Матрица
605,Тимур Гертрудович Силин,ст. Северодвинск,22,Пятница,Семинар по Python
606,Бурова Екатерина Сергеевна,п. Серпухов,22,Среда,Оппенгеймер
607,Герман Владленович Исаев,д. Ребриха,19,Вторник,Семинар по Java
608,Дарья Григорьевна Мельникова,к. Майкоп,24,Среда,Бегущий по лезвию
609,Матвеев Всемил Демидович,ст. Павловский Посад,27,Воскресенье,Матрица
610,Спиридон Изотович Андреев,к. Нягань,26,Вторник,Видосы про кошечек
611,Мирон Васильевич Терентьев,к. Яшалта,21,Суббота,Аватар
612,Фаина Игоревна Савельева,клх Истра,19,Суббота,Мир дикого запада
613,Матвеев Всемил Демидович,ст. Павловский Посад,27,Пятница,Доктор Хаус
614,Дарья Григорьевна Мельникова,к. Майкоп,24,Вторник,Видосы про кошечек
615,Максим Ефимович Аксенов,ст. Дагомыс,18,Вторник,Видосы про кошечек
616,Павел Артурович Смирнов,г. Аша,20,Среда,Видосы про собачек
617,Юдин Ладислав Иларионович,г. Соликамск,18,Суббота,Видосы про собачек
618,Кошелева Ульяна Васильевна,г. Ставрополь,25,Пятница,Доктор Хаус
619,Станимир Артёмович Антонов,к. Пятигорск,20,Пятница,LOST
620,Фаина Игоревна Савельева,клх Истра,19,Вторник,Игра престолов
621,Арсений Геннадиевич Фомичев,д. Ельня,20,Пятница,Доктор Хаус
622,Рябова Наталья Артемовна,с. Москва,19,Пятница,Видосы про кошечек
623,Виктория Антоновна Одинцова,к. Тюмень,19,Вторник,Друзья
624,Сорокин Геннадий Ермолаевич,п. Кизилюрт,22,Понедельник,Лекция по ML
625,Комаров Никифор Германович,клх Муравленко,24,Пятница,Видосы про кошечек
626,Кузнецова Вера Владиславовна,п. Чусовой,23,Понедельник,Лекция по C++
627,Ольга Матвеевна Костина,к. Калевала,21,Среда,Бегущий по лезвию
628,Данила Игнатьевич Котов,ст. Подольск,27,Четверг,Бегущий по лезвию
629,Эдуард Теймуразович Филиппов,ст. Сковородино,27,Четверг,Доктор Кто
630,Филатов Тимур Тимурович,ст. Старая Русса,23,Суббота,Видосы про собачек
631,Тимур Гертрудович Силин,ст. Северодвинск,22,Суббота,Видосы про собачек
632,Комаров Афанасий Игнатович,п. Фатеж,24,Суббота,Семинар по мат. анализу
633,Лукия Станиславовна Максимова,г. Билибино,25,Среда,Семинар по ML
634,тов. Михайлов Любосмысл Валентинович,д. Химки,23,Понедельник,Лекция по Java
635,Лора Ефимовна Артемьева,д. Дубна,26,Понедельник,Лекция по Python
636,Чернов Парфен Алексеевич,д. Пушкино (Моск.),25,Четверг,Видосы про собачек
637,Кузнецова Вера Владиславовна,п. Чусовой,23,Суббота,Семинар по мат. анализу
638,Максим Ефимович Аксенов,ст. Дагомыс,18,Среда,Видосы про собачек
639,Игнатова Лора Валериевна,к. Арзамас,26,Воскресенье,Аватар
640,Арсений Геннадиевич Фомичев,д. Ельня,20,Понедельник,Лекция по Java
641,Агата Юрьевна Горшкова,"ст. Москва, МГУ",21,Суббота,Аватар
642,Филатов Глеб Филатович,г. Волгоград,26,Четверг,Семинар по ML
643,Кузьма Валерьевич Хохлов,г. Малгобек,27,Понедельник,Лекция по Python
644,Юдин Ладислав Иларионович,г. Соликамск,18,Пятница,Друзья
645,Елизар Харлампович Зуев,клх Мостовской,25,Вторник,Друзья
646,Меркушева Анастасия Валериевна,п. Орел,27,Воскресенье,Интерстеллар
647,Кошелева Ульяна Васильевна,г. Ставрополь,25,Суббота,Аватар
648,Третьякова Пелагея Харитоновна,с. Поронайск,18,Вторник,Игра престолов
649,Александра Святославовна Большакова,ст. Северо-Курильск,19,Вторник,Игра престолов
650,Комаров Афанасий Игнатович,п. Фатеж,24,Понедельник,Лекция по мат. анализу
651,Шилов Светозар Харламович,с. Буйнакск,27,Вторник,Друзья
652,Павел Артурович Смирнов,г. Аша,20,Четверг,Бегущий по лезвию
653,Русаков Пров Всеволодович,д. Яшалта,23,Воскресенье,Матрица
654,Аркадий Адамович Некрасов,с. Астрахань,18,Понедельник,Лекция по Java
655,Кошелев Евстафий Ефимьевич,г. Киров (Вятка),23,Суббота,Матрица
656,Рыбакова Нина Максимовна,к. Нарткала,27,Пятница,LOST
657,Варлаам Ильич Кудряшов,клх Ревда (Сверд.),22,Пятница,Видосы про кошечек
658,Рябова Наталья Артемовна,с. Москва,19,Вторник,Игра престолов
659,Тимур Гертрудович Силин,ст. Северодвинск,22,Среда,Семинар по ML
660,Кудрявцев Валентин Димитриевич,к. Усмань,26,Понедельник,Лекция по мат. анализу
661,Светлана Игоревна Галкина,д. Черский,25,Вторник,Друзья
662,Наина Георгиевна Хохлова,с. Мураши,26,Пятница,Доктор Хаус
663,Радислав Валентинович Самойлов,клх Горячинск,27,Воскресенье,Оппенгеймер
664,Калинина Евгения Георгиевна,д. Онега,20,Пятница,Доктор Хаус
665,Соловьева Ульяна Тарасовна,п. Губаха,26,Воскресенье,Матрица
666,Элеонора Святославовна Кулакова,п. Армавир,19,Пятница,Семинар по Python
667,Элеонора Святославовна Кулакова,п. Армавир,19,Суббота,Матрица
668,Герман Владленович Исаев,д. Ребриха,19,Среда,Оппенгеймер
669,Моисей Валентинович Петров,п. Сухиничи,26,Воскресенье,Бегущий по лезвию
670,Юдин Ладислав Иларионович,г. Соликамск,18,Вторник,Видосы про кошечек
671,Алина Викторовна Третьякова,г. Воронеж,23,Четверг,Бегущий по лезвию
672,Калинина Евгения Георгиевна,д. Онега,20,Понедельник,Лекция по Java
673,Валерьян Тимурович Наумов,клх Тура,20,Вторник,Друзья
674,Филатов Тимур Тимурович,ст. Старая Русса,23,Среда,Видосы про собачек
675,Журавлева Вероника Тимофеевна,д. Магас,22,Вторник,Друзья
676,Руслан Анисимович Корнилов,клх Пушкинские Горы,22,Понедельник,Лекция по Java
677,Филатов Глеб Филатович,г. Волгоград,26,Пятница,Видосы про кошечек
678,Тетерина Пелагея Борисовна,г. Кимры,19,Четверг,Семинар по ML
679,Агафья Богдановна Молчанова,г. Невинномысск,27,Среда,Оппенгеймер
680,Татьяна Аскольдовна Сазонова,с. Нефедова,25,Суббота,Матрица
681,Рябова Наталья Артемовна,с. Москва,19,Суббота,Матрица
682,Андреев Арсений Аксёнович,с. Верхоянск,24,Четверг,Оппенгеймер
683,Виктория Антоновна Одинцова,к. Тюмень,19,Воскресенье,Интерстеллар
684,Лора Ефимовна Артемьева,д. Дубна,26,Четверг,Бегущий по лезвию
685,Рыбакова Нина Максимовна,к. Нарткала,27,Суббота,Видосы про собачек
686,Кошелев Евстафий Ефимьевич,г. Киров (Вятка),23,Четверг,Оппенгеймер
687,Рюрик Власович Игнатов,клх Усть-Баргузин,18,Воскресенье,Матрица
688,Игнатова Лора Валериевна,к. Арзамас,26,Пятница,Друзья
689,Гурьев Изяслав Анисимович,ст. Йошкар-Ола,21,Суббота,Аватар
690,Панкратий Жанович Смирнов,г. Новороссийск,19,Четверг,Видосы про собачек
691,Агафья Богдановна Молчанова,г. Невинномысск,27,Понедельник,Лекция по мат. анализу
692,Гурьев Изяслав Анисимович,ст. Йошкар-Ола,21,Пятница,Видосы про кошечек
693,Аркадий Адамович Некрасов,с. Астрахань,18,Пятница,Семинар по Python
694,Пелагея Ниловна Русакова,клх Баксан,24,Среда,Семинар по ML
695,Богдан Игнатьевич Гришин,д. Калач-на-Дону,21,Среда,Друзья
696,Екатерина Эдуардовна Шарапова,ст. Андреаполь,26,Четверг,Семинар по ML
697,Мефодий Валерьевич Архипов,п. Радужный,22,Воскресенье,Оппенгеймер
698,Дарья Григорьевна Мельникова,к. Майкоп,24,Воскресенье,Матрица
699,Казимир Владленович Горбунов,п. Обоянь,26,Суббота,Матрица
